<?xml version="1.0" encoding="UTF-8"?>
<?xml-model href="MinWu_08-24_xml-24%20(2).rnc" type="application/relax-ng-compact-syntax"?>
<root><!--This is a very connotative letter and I like it.-->
    
<title>Letter from Marian Baldwin,<time>June 30, 1917</time></title> 
    
<name>On Board La Touraine,</name>

<date>June 30th, 1917.</date>

<paragraph p="1">Even now that we are out of sight of land, it seems impossible that I am actually off to <spot>France</spot>
and, for the first time in my life, traveling alone. Everything has happened so quickly since the 
American Fund for <spot>French</spot> Wounded found an opening for me in Paris that<feel>I suppose I am still somewhat 
dazed and bewildered.</feel>The fact that I don't know what it will all be like and that I can't look ahead 
makes it easier to be happy and live in the present. Of course I have had a bit of a taste in <spot>New York</spot>
of the work that the A. F. F. W. is doing but its Headquarters in Paris will be different in some ways I fancy.</paragraph>

<paragraph p="2"><feel>I can't get over how lucky I am to have this chance for I realize how few girls of my age
are getting across, and I understood the grit and pluck which made you encourage me on my great 
adventure and send me along a path which has proved so dangerous of late.</feel></paragraph>

<paragraph p="3">As we drifted down the river, in the sunset glow with two absurd tugs puffing alongside, 
<thought>I know that many eyes were moist and that the same thought was in all our minds.</thought><describtion>How many 
of this ship's company will see that sky-line again! It was very quiet, no one spoke much, 
and, little by little, the glow faded from the sky and one star after another appeared.</describtion> 
<thought>I knew that you would be looking at those same stars down in Lakewood and that your thoughts
and prayers were the same that filled my heart at that moment. Somehow distance does not separate, 
after all.</thought></paragraph>

<paragraph p="4">We waited near the Statue of Liberty until midnight—a rumor had it that a <mark>personage</mark> was 
to come on board. This individual was shrouded in mystery until we put to sea when it was given out 
that the party which had clambered aboard in the night was none other than the Italian Mission. 
<spirit>Our spirits rose at once for, what with Frank Sayre on the boat and these distinguished Italian gentlemen, 
we shall doubtless be honored by a bigger convoy and so doubly safe.</spirit> However, <impede>thus far we have but two 
destroyers following us.</impede> They can be seen distinctly outlined against the horizon, 
one on each side, and seem to be the same somber gray which all ships are affecting in this war. 
<hope>A sailor informed me this morning that we weren't in much danger for the first four or five days 
but that after that I might see some excitement. Here's hoping!</hope></paragraph>

<paragraph p="5">I have a small inside cabin and my room-mate is quite a character. She is a native of 
Haiti, voluble and very portly—has four large pieces of baggage in our tiny stateroom, 
wears a costume which resembles a Mother Hubbard and smokes countless thin cigarettes that 
smell like incense! When I appeared, there didn't seem to be much room for me but, as she says, 
luckily I am small, and I was soon tucked into the upper berth with my belongings! She really 
isn't bad and after looking me over carefully told me that <thought>she didn't think we would fight and 
from that time has beamed upon me!</thought> She is going over to join her son who has been fighting with the 
<spot>French</spot> since the beginning of the war but will never go back to the Front now, having lost some 
fingers off each hand. <feel>She is so thankful, she says, that he hasn't lost more than his fingers.</feel></paragraph> 

<source>Canteening Overseas: 1917-1919, published 1920.</source> 
</root>
